c_name,c_email_id,c_type,c_addr,e_name,e_designation,e_addr,e_branch,start_date,end_date,amount,payment_status,payment_mode,payment_date,sh_content,sh_domain,ser_type,sh_weight,sh_charges,sr_addr,ds_addr,current_status,sent_date,delivery_date
Mitchell,Harriette42@ymail.com,Internal Goods,2100 Block of 27TH AV,Harriette,Market analyst,600 Block of PINE ST,TX,05-11-1979,16-05-1983,49302,PAID,CARD PAYMENT,18-12-2014,Healthcare,Domestic,Regular,553,1210,1800 Block of 26TH ST,1200 Block of JACKSON ST,DELIVERED,4/28/2014,12/18/2014
Reginald,Matthew951@yahoo.co.in,Wholesale,300 Block of ELLIS ST,Matthew,Chief finance officer,EDDY ST / MASON ST,MA,26-09-2014,11-04-2034,78698,PAID,CARD PAYMENT,10-07-1997,Healthcare,International,Express,810,1114,2600 Block of ALEMANY BL,700 Block of HAMPSHIRE ST,DELIVERED,6/14/1997,07-10-1997
Jaylene,Geraldine867@ymail.co.in,Retail,1000 Block of MISSION ST,Geraldine,Transport manager,800 Block of BRYANT ST,CT,23-10-1983,13-07-2002,69417,NOT PAID,CARD PAYMENT,,Luggage,Domestic,Express,994,1020,BARTLETT ST / 23RD ST,500 Block of HAIGHT ST,NOT DELIVERED,8/14/1993,
Stacie,Brenda905@ymail.com,Internal Goods,800 Block of BRYANT ST,Brenda,Warehouse manager,3300 Block of JUDAH ST,UT,06-06-1994,01-06-2012,39655,NOT PAID,COD,,Home Furnishing,Domestic,Express,598,1351,1300 Block of 7TH AV,300 Block of 9TH ST,NOT DELIVERED,12/13/2019,
Jonathan,Malie282@gmail.com,Wholesale,0 Block of DRUMM ST,Malie,Branch manager,3200 Block of GEARY BL,OH,02-06-2001,26-07-2014,87400,NOT PAID,COD,,Electronics,International,Express,412,566,0 Block of EUREKA ST,1800 Block of VANNESS AV,NOT DELIVERED,9/21/1996,
Italia,Fred847@google.co.in,Internal Goods,3RD ST / FOLSOM ST,Fred,Project director,VANNESS AV / MARKET ST,MO,20-06-1986,22-07-2006,56881,PAID,CARD PAYMENT,01-11-1971,Food and Beverages,Domestic,Regular,379,590,700 Block of VANNESS AV,500 Block of LEAVENWORTH ST,DELIVERED,4/23/1971,11-01-1971
Catherine,Clay224@gmail.com,Wholesale,GOLDEN GATE AV / PARKER AV,Clay,HR manager,1000 Block of BOSWORTH ST,SD,11-03-1974,27-10-1980,99239,NOT PAID,COD,,Fashion,Domestic,Regular,892,1407,200 Block of BERRY ST,CARROLL AV / JENNINGS ST,NOT DELIVERED,12/21/2005,
Pierre,Alaysha578@hotmail.com,Wholesale,1400 Block of DEHARO ST,Alaysha,Material handling executive,800 Block of GEARY ST,UT,24-11-1971,24-11-1984,23921,NOT PAID,COD,,Industrial Equipments,Domestic,Regular,347,786,1100 Block of FRANCISCO ST,1000 Block of MARKET ST,NOT DELIVERED,07-03-1979,
Sheryl,Kelli519@gmail.com,Retail,FOLSOM ST / 3RD ST,Kelli,Non-executive director,BAY SHORE BL / JERROLD AV,OH,31-05-2009,02-10-2014,67599,NOT PAID,CARD PAYMENT,,Hazardous Goods,International,Express,457,855,100 Block of NEWMONTGOMERY ST,600 Block of SOUTH VAN NESS AV,NOT DELIVERED,4/29/1976,
Rory,Ryker154@hotmail.com,Internal Goods,0 Block of THRIFT ST,Ryker,Market analyst,400 Block of LEAVENWORTH ST,HI,24-03-2018,29-12-2035,3725,NOT PAID,COD,,Automotive,International,Express,957,1182,200 Block of SCOTT ST,2600 Block of MISSION ST,NOT DELIVERED,03-03-2012,
Cecile,Johnnie593@hotmail.com,Wholesale,100 Block of GOLDEN GATE AV,Johnnie,In House logistics executive,100 Block of BRITTON ST,RI,07-09-1973,08-01-1983,95516,PAID,COD,15-05-1991,Electronics,International,Regular,23,25,BELVEDERE ST / WALLER ST,0 Block of CEDAR ST,DELIVERED,2/18/1991,5/15/1991
Monte,Zykeria36@google.co.in,Wholesale,2400 Block of DIAMOND ST,Zykeria,Warehouse in charge,2700 Block of PACIFIC AV,VA,27-09-2001,25-10-2014,62528,PAID,COD,30-06-1976,Healthcare,Domestic,Express,479,861,800 Block of BRYANT ST,500 Block of FREDERICK ST,DELIVERED,3/31/1976,6/30/1976
Belle,Selma775@yahoo.co.in,Wholesale,FOLSOM ST / CESAR CHAVEZ ST,Selma,Head of marketing,900 Block of SANSOME ST,KY,29-04-2012,11-09-2024,21021,NOT PAID,CARD PAYMENT,,Electronics,Domestic,Express,305,834,1300 Block of CALIFORNIA ST,0 Block of RAUSCH ST,NOT DELIVERED,05-11-1976,
Rayshawn,Kathryn298@gmail.com,Wholesale,100 Block of LELAND AV,Kathryn,Technical support executive,1300 Block of PACIFIC AV,AL,02-06-1982,10-12-1987,99492,NOT PAID,CARD PAYMENT,,Healthcare,International,Express,939,1446,300 Block of CHENERY ST,BUSH ST / BUCHANAN ST,NOT DELIVERED,10-07-1980,
Abby,Karl167@google.co.in,Internal Goods,600 Block of CLEMENT ST,Karl,Branch manager,LA PLAYA ST / BALBOA ST,TX,10-08-1975,22-05-1991,60282,PAID,CARD PAYMENT,09-08-1987,Fashion,Domestic,Regular,679,1455,2600 Block of 18TH ST,800 Block of BRYANT ST,DELIVERED,3/19/1987,08-09-1987
Alonzo,Freda331@yahoo.co.in,Internal Goods,400 Block of LEAVENWORTH ST,Freda,IT support executive,1900 Block of MISSION ST,NH,14-09-2014,22-10-2019,20357,NOT PAID,CARD PAYMENT,,Electronics,International,Express,803,1020,800 Block of 30TH AV,1100 Block of MARKET ST,NOT DELIVERED,7/23/2013,
Ray,David216@ymail.com,Wholesale,4400 Block of ANZA ST,David,Inventory manager,22ND ST / IOWA ST,OH,18-05-2004,11-09-2016,24053,NOT PAID,CARD PAYMENT,,Construction,Domestic,Regular,783,1042,800 Block of GENEVA AV,300 Block of 4TH ST,NOT DELIVERED,03-02-2010,
Tiffany,Winnifred436@gmail.com,Wholesale,GEARY ST / TAYLOR ST,Winnifred,In House logistics executive,0 Block of 6TH ST,OH,30-12-2015,21-12-2033,50958,NOT PAID,CARD PAYMENT,,Industrial Equipments,Domestic,Regular,432,915,800 Block of BRYANT ST,100 Block of TOWNSEND ST,NOT DELIVERED,10/17/2017,
Rosalind,Bryce535@google.co.in,Wholesale,1500 Block of NEWCOMB AV,Bryce,Manager,20TH ST / MISSION ST,CA,30-12-2015,14-09-2020,68227,PAID,CARD PAYMENT,06-07-1977,Industrial Equipments,Domestic,Regular,776,1053,15TH ST / SANCHEZ ST,1700 Block of FULTON ST,DELIVERED,01-03-1977,07-06-1977
Franklin,Maeve922@gmail.com,Retail,ELLIS ST / JONES ST,Maeve,Chief finance officer,GENEVA AV / MISSION ST,MA,23-10-1983,17-05-1994,77861,PAID,CARD PAYMENT,08-09-1997,Healthcare,Domestic,Express,710,1066,900 Block of ELLSWORTH ST,400 Block of 28TH ST,DELIVERED,1/20/1997,09-08-1997
Sophie,Seth275@ymail.com,Internal Goods,24TH ST / MISSION ST,Seth,Material handling executive,1600 Block of FILLMORE ST,NJ,30-12-2014,10-06-2031,48315,NOT PAID,CARD PAYMENT,,Construction,Domestic,Regular,959,1253,600 Block of FRANCISCO ST,FELL ST / MASONIC AV,NOT DELIVERED,12-09-1996,
Matthew,Maria344@yahoo.com,Retail,600 Block of JOHNMUIR DR,Maria,IT support executive,3400 Block of CESAR CHAVEZ ST,OK,03-01-1995,14-09-2000,83002,PAID,CARD PAYMENT,05-03-1999,Automotive,International,Regular,147,535,800 Block of BRYANT ST,900 Block of RANDOLPH ST,DELIVERED,02-07-1999,03-05-1999
Larry,Taron588@yahoo.co.in,Internal Goods,1700 Block of LYON ST,Taron,Sales manager,1000 Block of POTRERO AV,NC,05-08-1979,03-08-1996,47650,PAID,COD,08-11-1977,Arts and crafts,International,Express,613,1256,800 Block of BRYANT ST,0 Block of 6TH ST,DELIVERED,03-08-1977,11-08-1977
Elena,Bryce621@google.co.in,Internal Goods,3100 Block of 20TH AV,Bryce,Block development manager,900 Block of MARKET ST,NY,11-06-2003,16-03-2010,19386,NOT PAID,COD,,Luggage,Domestic,Regular,590,1033,ELLIS ST / LAGUNA ST,0 Block of HYDE ST,NOT DELIVERED,2/21/1972,
Brady,Ramona218@gmail.com,Retail,1300 Block of COLUMBUS AV,Ramona,In House logistics executive,POLK ST / PINE ST,OH,06-06-1974,09-10-1976,39432,PAID,COD,15-09-2005,Electronics,Domestic,Regular,193,817,100 Block of STEUART ST,900 Block of VALENCIA ST,DELIVERED,06-06-2005,9/15/2005
Sapphire,Adrienne107@gmail.com,Retail,LARKIN ST / POST ST,Adrienne,Assistant manager,6TH ST / MARKET ST,NM,13-09-1994,20-04-2007,1421,PAID,COD,12-12-2019,Luggage,Domestic,Regular,879,1037,700 Block of FOLSOM ST,300 Block of ARBALLO DR,DELIVERED,11/17/2019,12-12-2019
Gene,Dawn743@yahoo.com,Retail,800 Block of AMAZON AV,Dawn,Non-executive director,200 Block of DIVISION ST,PA,11-07-2003,01-04-2010,16113,PAID,COD,15-11-2013,Industrial Equipments,Domestic,Regular,275,951,1600 Block of VANNESS AV,100 Block of PHELAN AV,DELIVERED,10/27/2013,11/15/2013
Magdalene,Yessenia134@yahoo.com,Retail,400 Block of 39TH AV,Yessenia,Delivery Boy,1600 Block of FOLSOM ST,MO,28-05-1992,22-01-2001,52318,NOT PAID,CARD PAYMENT,,Construction,International,Regular,319,770,800 Block of MARKET ST,0 Block of GORDON ST,NOT DELIVERED,07-11-2006,
Norma,Ryan368@ymail.com,Wholesale,300 Block of CAPISTRANO AV,Ryan,Branch manager,600 Block of INDIANA ST,NY,16-11-1979,14-11-1988,7389,NOT PAID,CARD PAYMENT,,Hazardous Goods,Domestic,Express,52,293,800 Block of BRYANT ST,600 Block of VALENCIA ST,NOT DELIVERED,9/23/2003,
Destiny,Harriette113@ymail.co.in,Retail,400 Block of POWELL ST,Harriette,Non-executive director,1100 Block of GUERRERO ST,RI,16-06-2010,01-10-2012,86040,PAID,COD,15-11-2013,Electronics,Domestic,Regular,702,1414,SHOTWELL ST / 17TH ST,EDDY ST / HYDE ST,DELIVERED,05-03-2013,11/15/2013
Glory,Jana467@gmail.com,Internal Goods,HARRIET ST / HOWARD ST,Jana,Office manager,500 Block of CARTER ST,OR,13-09-1971,25-06-1973,56148,PAID,COD,10-08-2001,Healthcare,Domestic,Express,299,524,1500 Block of BAKER ST,LIPPARD AV / BOSWORTH ST,DELIVERED,4/29/2001,08-10-2001
Latasha,Frances207@ymail.co.in,Internal Goods,1500 Block of TURK ST,Frances,Engineering department manager,0 Block of WHITFIELD CT,HI,02-07-1995,05-09-2013,894,PAID,CARD PAYMENT,17-07-2006,Arts and crafts,Domestic,Regular,930,1183,100 Block of BERRY ST,KERN ST / DIAMOND ST,DELIVERED,1/22/2006,7/17/2006
Clay,Tiffani841@google.co.in,Internal Goods,200 Block of SILVER AV,Tiffani,Chief finance officer,8TH ST / MARKET ST,MO,11-01-1998,06-07-2016,35634,NOT PAID,COD,,Home Furnishing,Domestic,Regular,314,566,700 Block of HOWARD ST,HARRISON ST / 3RD ST,NOT DELIVERED,8/20/1995,
Frances,Cecile32@hotmail.com,Internal Goods,800 Block of BRYANT ST,Cecile,Assistant manager,400 Block of ELLIS ST,CO,06-09-1982,11-08-2001,28701,PAID,CARD PAYMENT,15-11-2013,Hazardous Goods,International,Express,109,961,0 Block of LEE AV,0 Block of FALLON PL,DELIVERED,11/21/2013,11/15/2013
Dinah,Bryce393@ymail.com,Internal Goods,2100 Block of LOMBARD ST,Bryce,Chief executive officer,TAYLOR ST / EDDY ST,NH,09-05-1999,01-06-2005,90380,PAID,CARD PAYMENT,02-08-1993,Food and Beverages,Domestic,Regular,24,54,STOCKTON ST / BROADWAY ST,900 Block of GEARY ST,DELIVERED,01-04-1993,08-02-1993
Merna,Earle203@google.co.in,Retail,GOLDEN GATE AV / VANNESS AV,Earle,Delivery Boy,1200 Block of WAWONA ST,NY,17-09-2004,03-06-2024,21813,NOT PAID,COD,,Electronics,Domestic,Express,545,1044,LAKE MERCED BL / BROTHERHOOD WAY,HARRISON ST / THE EMBARCADEROSOUTH ST,NOT DELIVERED,9/19/1977,
Louise,Danita716@ymail.com,Wholesale,800 Block of BRYANT ST,Danita,Project director,500 Block of BROADWAY ST,UT,24-08-1997,07-07-2010,36312,NOT PAID,CARD PAYMENT,,Fashion,International,Regular,505,1082,GEARY ST / POLK ST,1600 Block of LASALLE AV,NOT DELIVERED,12/30/2019,
Kaitlyn,Raeleigh114@gmail.com,Wholesale,POWELL ST / MARKET ST,Raeleigh,Warehouse manager,400 Block of CASTRO ST,OK,03-06-2003,08-05-2014,24856,PAID,CARD PAYMENT,20-10-2002,Electronics,International,Regular,182,871,1400 Block of DOUGLASS ST,48TH AV / JUDAH ST,DELIVERED,8/31/2002,10/20/2002
Morgan,Guy394@outlook.com,Retail,CAPP ST / 17TH ST,Guy,Transport manager,NATOMA ST / 6TH ST,TN,07-05-1998,29-12-2016,39234,PAID,CARD PAYMENT,17-07-2006,Luggage,International,Regular,226,970,100 Block of FONT BL,1000 Block of KEY AV,DELIVERED,06-10-2006,7/17/2006
Courtney,Anastasia108@google.co.in,Wholesale,0 Block of SADOWA ST,Anastasia,Sales manager,JONES ST / PINE ST,MA,04-01-1976,15-09-1985,74222,PAID,COD,20-11-2004,Home Furnishing,International,Regular,111,617,HOLLOWAY AV / BRIGHTON AV,TAYLOR ST / GOLDEN GATE AV,DELIVERED,07-07-2004,11/20/2004
Rayshawn,Benita963@gmail.com,Retail,500 Block of GEARY ST,Benita,Manager,1700 Block of GREENWICH ST,TX,14-05-2010,18-11-2027,47260,PAID,CARD PAYMENT,08-03-1982,Hazardous Goods,International,Express,145,814,1800 Block of KIRKHAM ST,800 Block of BRYANT ST,DELIVERED,02-06-1982,03-08-1982
Eddie,Dianne471@ymail.com,Retail,0 Block of OFARRELL ST,Dianne,Branch manager,SCOTT ST / SACRAMENTO ST,NY,19-08-2006,03-01-2022,45432,NOT PAID,COD,,Electronics,Domestic,Regular,829,1145,500 Block of TUNNEL AV,1600 Block of TURK ST,NOT DELIVERED,7/27/2007,
Maurice,Andrea833@yahoo.co.in,Internal Goods,2700 Block of FILBERT ST,Andrea,Material handling executive,1700 Block of BEACH ST,TX,12-06-1983,24-11-2001,30192,PAID,COD,09-04-1994,Electronics,Domestic,Regular,269,902,800 Block of BRYANT ST,100 Block of SPEAR ST,DELIVERED,3/30/1994,04-09-1994
Taryn,Raul112@outlook.com,Internal Goods,700 Block of VALLEJO ST,Raul,Project director,1400 Block of 47TH AV,CA,12-05-1998,17-09-2007,53868,NOT PAID,CARD PAYMENT,,Hazardous Goods,International,Regular,660,1470,200 Block of CHENERY ST,2900 Block of DIAMOND ST,NOT DELIVERED,1/28/1999,
Lazaro,Raven727@yahoo.co.in,Retail,300 Block of FILLMORE ST,Raven,Engineering department manager,CASTRO ST / MARKET ST,AL,15-03-2013,05-06-2024,9691,NOT PAID,CARD PAYMENT,,Home Furnishing,Domestic,Regular,484,568,1000 Block of POTRERO AV,400 Block of ROLPH ST,NOT DELIVERED,3/20/2004,
Muriel,Rebecca74@yahoo.co.in,Retail,0 Block of MYRTLE ST,Rebecca,Material handling executive,400 Block of SCOTT ST,TX,17-04-2014,30-06-2022,39001,NOT PAID,COD,,Food and Beverages,International,Regular,100,487,100 Block of HYDE ST,BANCROFT AV / KEITH ST,NOT DELIVERED,5/19/1986,
Dejon,Rosalind124@hotmail.com,Retail,300 Block of HOLLADAY AV,Rosalind,Transport manager,MINNA ST / JULIA ST,MA,29-03-1971,28-03-1983,70814,NOT PAID,CARD PAYMENT,,Construction,Domestic,Express,711,1197,1100 Block of HUDSON AV,MYRTLE ST / LARKIN ST,NOT DELIVERED,03-08-1977,
Peter,Anne714@gmail.com,Internal Goods,DORLAND ST / GUERRERO ST,Anne,Block development manager,1000 Block of POTRERO AV,IA,16-11-1979,05-06-1983,13740,PAID,COD,09-08-2008,Home Furnishing,International,Regular,325,994,STOCKTON ST / POST ST,500 Block of MAGELLAN AV,DELIVERED,2/24/2008,08-09-2008
Todd,Michael518@yahoo.com,Wholesale,23RD ST / DOUGLASS ST,Michael,Market analyst,7TH ST / MARKET ST,TN,10-07-2017,24-11-2033,33435,NOT PAID,CARD PAYMENT,,Automotive,Domestic,Regular,209,933,LEAVENWORTH ST / TURK ST,1600 Block of 38TH AV,NOT DELIVERED,11/24/2017,
Stacy,Danielle957@yahoo.co.in,Internal Goods,5000 Block of 3RD ST,Danielle,IT support executive,100 Block of EUREKA ST,CT,06-09-2007,25-12-2021,73589,NOT PAID,CARD PAYMENT,,Construction,International,Express,996,1168,800 Block of BRYANT ST,3300 Block of MISSION ST,NOT DELIVERED,10-09-1972,
Frank,Heather632@hotmail.com,Internal Goods,0 Block of 7TH ST,Heather,Warehouse manager,2000 Block of UNION ST,RI,25-09-1984,17-07-1986,18598,PAID,COD,15-10-1982,Luggage,International,Regular,420,561,4200 Block of 26TH ST,0 Block of TURK ST,DELIVERED,07-11-1982,10/15/1982
Catherine,Kaitlyn744@yahoo.com,Retail,3500 Block of 26TH ST,Kaitlyn,Chief finance officer,800 Block of MARKET ST,MS,05-08-1979,20-11-1990,23003,PAID,CARD PAYMENT,12-07-2007,Industrial Equipments,International,Express,182,850,BLAKE ST / GEARY BL,BROADWAY ST / COLUMBUS AV,DELIVERED,06-05-2007,07-12-2007
Daren,Eileen529@google.co.in,Wholesale,0 Block of MAYNARD ST,Eileen,Chief executive officer,SAN JOSE AV / GUERRERO ST,MA,31-05-2009,04-11-2021,80901,NOT PAID,CARD PAYMENT,,Construction,Domestic,Express,901,1393,WASHINGTON ST / DRUMM ST,1200 Block of PINE ST,NOT DELIVERED,09-10-2004,
Tiffany,Cheyenne213@outlook.com,Internal Goods,MISSION ST / 17TH ST,Cheyenne,Branch manager,100 Block of GIRARD ST,CA,13-12-1982,30-03-1996,69113,PAID,COD,15-07-1991,Construction,International,Regular,88,426,EXECUTIVEPARK BL / ALANA WY,900 Block of MISSION ST,DELIVERED,6/30/1991,7/15/1991
Isidro,Ely630@yahoo.com,Wholesale,300 Block of MARKET ST,Ely,Office manager,0 Block of 6TH ST,KS,01-05-2010,07-11-2020,26060,NOT PAID,COD,,Electronics,Domestic,Regular,660,1208,0 Block of BROOKDALE AV,1300 Block of EGBERT AV,NOT DELIVERED,04-11-2013,
Claude,Irby513@hotmail.com,Retail,800 Block of CLEMENT ST,Irby,Assistant manager,0 Block of CRANE ST,AR,24-11-1985,04-09-1987,25677,NOT PAID,CARD PAYMENT,,Luggage,Domestic,Regular,267,925,3600 Block of 22ND ST,200 Block of NAGLEE AV,NOT DELIVERED,7/26/2010,
Gaylon,Genevieve714@hotmail.com,Retail,4100 Block of GEARY BL,Genevieve,Fleet manager,LEAVENWORTH ST / GOLDEN GATE AV,OH,30-07-1976,27-05-1995,62912,NOT PAID,COD,,Fashion,International,Express,905,1392,700 Block of 3RD ST,FRANCISCO ST / JONES ST,NOT DELIVERED,11-03-1981,
Adonis,Elliana123@hotmail.com,Internal Goods,3300 Block of CESAR CHAVEZ ST,Elliana,Office manager,COLUMBUS AV / LOMBARD ST,LA,03-06-2003,02-11-2009,77649,PAID,CARD PAYMENT,30-09-1983,Luggage,Domestic,Express,799,1425,1700 Block of 25TH ST,1300 Block of BROADWAY ST,DELIVERED,04-11-1983,9/30/1983
Stacy,Katrice318@yahoo.co.in,Internal Goods,MONTGOMERY ST / BROADWAY ST,Katrice,Sales manager,1600 Block of MARKET ST,WV,03-10-1988,11-03-2008,73561,PAID,COD,22-10-2006,Construction,International,Express,773,1225,1200 Block of POLK ST,1200 Block of MARKET ST,DELIVERED,9/18/2006,10/22/2006
Claude,Laverne188@google.co.in,Retail,17TH ST / SHOTWELL ST,Laverne,Engineering department manager,1800 Block of WALLER ST,CA,03-05-2017,18-01-2021,50357,NOT PAID,COD,,Luggage,Domestic,Express,78,403,EARL ST / LASALLE AV,1400 Block of KIRKWOOD CT,NOT DELIVERED,01-07-2003,
Bambi,Chasity357@yahoo.co.in,Internal Goods,1900 Block of UNION ST,Chasity,Delivery Boy,600 Block of MANGELS AV,WA,10-11-1992,30-07-2001,61325,PAID,CARD PAYMENT,22-03-2000,Industrial Equipments,Domestic,Express,791,1169,CLARA ST / 4TH ST,100 Block of ATOLL CR,DELIVERED,1/25/2000,3/22/2000
Isabela,Kyle670@gmail.com,Retail,600 Block of HEAD ST,Kyle,Non-executive director,0 Block of POWELL ST,CT,06-12-2005,07-05-2021,76658,NOT PAID,COD,,Construction,Domestic,Express,603,1167,0 Block of STEINER ST,1100 Block of FRANCISCO ST,NOT DELIVERED,5/25/2011,
Philip,Gene977@ymail.co.in,Internal Goods,0 Block of 7TH ST,Gene,Assistant manager,1900 Block of LOMBARD ST,ME,03-01-1995,03-10-2000,35525,NOT PAID,COD,,Construction,Domestic,Regular,360,565,1800 Block of 8TH AV,JONES ST / GOLDEN GATE AV,NOT DELIVERED,6/18/2000,
Joe,Marlene682@outlook.com,Wholesale,4100 Block of 18TH ST,Marlene,Delivery Boy,500 Block of NOE ST,CO,05-12-2011,27-07-2012,12462,PAID,COD,04-10-2012,Fashion,Domestic,Express,84,354,HARRISON ST / 11TH ST,BROADWAY ST / KEARNY ST,DELIVERED,08-02-2012,10-04-2012
Alonzo,Clay181@hotmail.com,Wholesale,2700 Block of FOLSOM ST,Clay,Delivery Boy,MISSION ST / 16TH ST,AL,28-08-1977,09-09-1996,27105,PAID,COD,08-11-1977,Automotive,Domestic,Regular,880,1178,500 Block of HYDE ST,400 Block of CAPP ST,DELIVERED,6/26/1977,11-08-1977
Philip,Baldemar170@yahoo.co.in,Internal Goods,800 Block of HOWARD ST,Baldemar,Market analyst,2700 Block of TAYLOR ST,NY,14-05-2010,04-08-2012,99604,PAID,COD,30-11-2010,Arts and crafts,International,Express,947,1385,LARKIN ST / ELLIS ST,2700 Block of DIAMOND ST,DELIVERED,2/13/2010,11/30/2010
Lola,Claudia529@google.co.in,Retail,2300 Block of MARKET ST,Claudia,Head of marketing,CEDAR ST / POLK ST,HI,11-11-1981,09-03-2000,90449,PAID,CARD PAYMENT,09-03-2009,Automotive,Domestic,Regular,234,780,6500 Block of 3RD ST,800 Block of 33RD AV,DELIVERED,3/24/2009,03-09-2009
Jennie,Arya715@ymail.co.in,Wholesale,16TH ST / SHOTWELL ST,Arya,Warehouse in charge,1200 Block of MARKET ST,KY,23-09-2002,25-03-2006,9520,NOT PAID,COD,,Food and Beverages,Domestic,Express,931,1247,0 Block of WHITFIELD CT,1500 Block of POWELL ST,NOT DELIVERED,4/25/1993,
Brennan,Rodney10@ymail.com,Wholesale,2000 Block of JERROLD AV,Rodney,Marketing manager,800 Block of MARKET ST,NC,13-09-1994,29-04-2010,42210,NOT PAID,CARD PAYMENT,,Arts and crafts,Domestic,Express,478,705,1100 Block of OCEAN AV,900 Block of DEHARO ST,NOT DELIVERED,8/30/2004,
Juan,Amelia849@hotmail.com,Internal Goods,600 Block of 9TH AV,Amelia,Market analyst,BAY ST / POWELL ST,FL,31-12-1982,09-08-1985,21639,NOT PAID,COD,,Industrial Equipments,Domestic,Express,638,1130,BRYANT ST / 4TH ST,1300 Block of MISSION ST,NOT DELIVERED,01-02-1989,
Carlotta,Stephanie808@gmail.com,Retail,900 Block of GENEVA AV,Stephanie,IT support executive,1800 Block of OCEAN AV,TX,18-11-1996,22-04-2016,58736,PAID,COD,31-07-2019,Industrial Equipments,Domestic,Express,50,72,900 Block of CONNECTICUT ST,LEAVENWORTH ST / EDDY ST,DELIVERED,2/19/2019,7/31/2019
Austin,Dejon859@ymail.com,Wholesale,POLK ST / SUTTER ST,Dejon,Executive director,100 Block of CLINTONPARK ST,IL,30-11-1989,14-06-2009,3951,PAID,CARD PAYMENT,05-01-2002,Industrial Equipments,International,Regular,477,564,POLK ST / BEACH ST,700 Block of LARKIN ST,DELIVERED,1/25/2002,01-05-2002
Naisha,Lawrence813@gmail.com,Retail,MISSION ST / 9TH ST,Lawrence,Inventory manager,100 Block of APTOS AV,CO,28-03-2000,12-10-2006,69479,NOT PAID,CARD PAYMENT,,Fashion,International,Regular,879,1040,37TH AV / RIVERA ST,1200 Block of 36TH AV,NOT DELIVERED,05-10-2003,
Maurice,Felicity667@ymail.com,Internal Goods,1400 Block of HARRISON ST,Felicity,Chief finance officer,1800 Block of NEWHALL ST,MO,26-11-2009,17-11-2027,10366,PAID,COD,23-12-2006,Electronics,Domestic,Express,912,1220,FREMONT ST / HARRISON ST,0 Block of CRESTLAKE DR,DELIVERED,3/17/2006,12/23/2006
Gabrielle,Kim205@hotmail.com,Retail,FILLMORE ST / CALIFORNIA ST,Kim,Office manager,100 Block of CEDAR ST,NY,06-08-1998,22-10-2014,10001,NOT PAID,CARD PAYMENT,,Food and Beverages,International,Regular,868,1141,400 Block of GENEVA AV,POWELL ST / OFARRELL ST,NOT DELIVERED,6/18/2007,
Grover,Morgan937@yahoo.com,Wholesale,EDDY ST / POLK ST,Morgan,Chief finance officer,400 Block of VALENCIA ST,SC,17-12-2010,03-01-2021,15307,PAID,CARD PAYMENT,01-05-1996,Healthcare,Domestic,Express,889,1050,20TH ST / KANSAS ST,JEFFERSON ST / TAYLOR ST,DELIVERED,03-03-1996,05-01-1996
Carter,Hudson500@gmail.com,Internal Goods,800 Block of BRYANT ST,Hudson,Non-executive director,STEINER ST / WASHINGTON ST,CO,07-05-1998,02-04-1999,68923,NOT PAID,CARD PAYMENT,,Home Furnishing,Domestic,Regular,482,850,4000 Block of 18TH ST,500 Block of ELLIS ST,NOT DELIVERED,12-02-1982,
Claude,Stacy454@hotmail.com,Wholesale,800 Block of OAK ST,Stacy,Engineering department manager,200 Block of BRANNAN ST,SC,29-01-1986,03-01-1987,59651,PAID,COD,25-09-2004,Healthcare,International,Express,683,1275,1400 Block of 14TH AV,1800 Block of DIVISADERO ST,DELIVERED,05-02-2004,9/25/2004
Bianca,Peter111@ymail.co.in,Internal Goods,300 Block of LEAVENWORTH ST,Peter,Chief finance officer,800 Block of BRYANT ST,KS,16-08-2001,08-05-2002,78953,NOT PAID,CARD PAYMENT,,Home Furnishing,Domestic,Regular,382,714,200 Block of 2ND ST,0 Block of THRIFT ST,NOT DELIVERED,2/22/2008,
Frank,Beth644@outlook.com,Internal Goods,1500 Block of WEBSTER ST,Beth,Warehouse in charge,2200 Block of CHESTNUT ST,NY,15-09-1979,30-06-1994,89420,PAID,COD,02-03-2004,Construction,Domestic,Regular,753,1027,2900 Block of TURK ST,300 Block of DEMONTFORT AV,DELIVERED,3/18/2004,03-02-2004
Marie,Devon640@hotmail.com,Internal Goods,1600 Block of GEARY BL,Devon,Market analyst,ADA CT / OFARRELL ST,MO,13-08-2017,14-01-2027,50374,NOT PAID,CARD PAYMENT,,Arts and crafts,International,Express,718,1486,0 Block of 7TH ST,300 Block of 10TH ST,NOT DELIVERED,3/22/1992,
Neri,Jonathan257@google.co.in,Internal Goods,500 Block of CRESTLAKE DR,Jonathan,Executive director,1600 Block of WEBSTER ST,CT,15-09-2012,22-08-2015,83102,NOT PAID,COD,,Industrial Equipments,Domestic,Express,577,1312,0 Block of CUMBERLAND ST,200 Block of POPLAR ST,NOT DELIVERED,04-05-1988,
Chelsey,Benita200@yahoo.co.in,Internal Goods,CALIFORNIA ST / FILLMORE ST,Benita,Director,4800 Block of GEARY BL,MA,29-01-1986,08-04-1989,62151,NOT PAID,COD,,Electronics,International,Express,607,1007,1100 Block of POLK ST,800 Block of OFARRELL ST,NOT DELIVERED,02-09-2013,
Catherine,John780@yahoo.com,Retail,1700 Block of STEINER ST,John,Block development manager,1100 Block of SUNNYDALE AV,WA,25-03-2005,29-09-2023,84665,NOT PAID,COD,,Automotive,International,Regular,242,926,16TH ST / UTAH ST,400 Block of CASTRO ST,NOT DELIVERED,3/21/1978,
Lucien,Jan805@ymail.com,Internal Goods,700 Block of PERU AV,Jan,Assistant manager,300 Block of CHATTANOOGA ST,OR,15-01-2001,29-12-2006,1760,PAID,COD,23-08-1995,Industrial Equipments,International,Express,593,1036,100 Block of GOLDEN GATE AV,800 Block of MISSION ST,DELIVERED,01-05-1995,8/23/1995
Aidan,Robert988@google.co.in,Internal Goods,100 Block of OAK ST,Robert,Market analyst,ELIZABETH ST / DIAMOND ST,VA,17-11-1985,08-11-1998,30239,PAID,COD,31-01-1985,Electronics,Domestic,Express,812,1161,1500 Block of POLK ST,600 Block of KANSAS ST,DELIVERED,01-10-1985,1/31/1985
Tomeka,Kaitlyn60@yahoo.com,Wholesale,HOWARD ST / 3RD ST,Kaitlyn,Material handling executive,1400 Block of BAKER ST,NC,04-11-1976,14-12-1990,20194,PAID,COD,20-10-2006,Hazardous Goods,Domestic,Express,833,1016,POLK ST / SUTTER ST,1200 Block of NOE ST,DELIVERED,8/28/2006,10/20/2006
Theresa,Stephan274@yahoo.co.in,Internal Goods,1300 Block of MISSION ST,Stephan,Fleet manager,1600 Block of FOLSOM ST,WV,07-06-1990,23-04-2001,58470,PAID,COD,17-10-1989,Healthcare,International,Express,872,1058,100 Block of BREWSTER ST,900 Block of MARKET ST,DELIVERED,10-12-1989,10/17/1989
Korie,Emma964@gmail.com,Retail,400 Block of ELLIS ST,Emma,Transport manager,300 Block of PRAGUE ST,CA,23-05-2014,05-10-2016,91926,NOT PAID,COD,,Arts and crafts,Domestic,Regular,483,648,0 Block of TURK ST,900 Block of CAPITOL AV,NOT DELIVERED,05-03-1980,
Misael,Monica700@gmail.com,Retail,4900 Block of MISSION ST,Monica,Executive director,400 Block of BAY ST,IL,14-08-2008,07-11-2024,34797,PAID,COD,16-03-1980,Fashion,International,Regular,679,1015,1700 Block of SUNNYDALE AV,400 Block of BAKER ST,DELIVERED,03-01-1980,3/16/1980
Steven,Pamala451@outlook.com,Retail,16TH ST / SHOTWELL ST,Pamala,Warehouse manager,1600 Block of THE EMBARCADERONORTH ST,AZ,26-09-2002,20-06-2016,19346,NOT PAID,COD,,Hazardous Goods,International,Express,318,938,SOUTH VAN NESS AV / 13TH ST,100 Block of LELAND AV,NOT DELIVERED,1/15/1994,
Tammi,Matt620@yahoo.com,Wholesale,700 Block of STANYAN ST,Matt,Sales manager,1100 Block of FITZGERALD AV,WA,25-11-2013,10-10-2029,35185,NOT PAID,COD,,Home Furnishing,Domestic,Express,329,597,22ND ST / CAROLINA ST,2600 Block of FOLSOM ST,NOT DELIVERED,1/25/2017,
Rayburn,Kristie659@hotmail.com,Retail,1400 Block of SACRAMENTO ST,Kristie,Delivery Boy,4600 Block of 18TH ST,VA,20-06-1986,17-04-1996,7068,NOT PAID,CARD PAYMENT,,Luggage,Domestic,Regular,588,1182,POWELL ST / GEARY ST,3RD ST / PALOU AV,NOT DELIVERED,04-01-1975,
Gordon,Lee224@ymail.co.in,Wholesale,HARRISON ST / 6TH ST,Lee,In House logistics executive,0 Block of MAIDEN LN,VA,08-04-1985,16-01-1993,96496,PAID,CARD PAYMENT,09-08-1987,Food and Beverages,International,Regular,442,713,2500 Block of MISSION ST,2600 Block of 34TH AV,DELIVERED,03-06-1987,08-09-1987
Zakariya,Roger478@ymail.co.in,Retail,LAWTON ST / 10TH AV,Roger,Technical support executive,100 Block of KISKA RD,SD,25-05-1997,27-06-2016,2988,PAID,CARD PAYMENT,11-09-1990,Hazardous Goods,Domestic,Express,216,939,600 Block of VALENCIA ST,500 Block of 9TH ST,DELIVERED,2/21/1990,09-11-1990
Otis,Zoya623@gmail.com,Retail,0 Block of URANUS TR,Zoya,Transport manager,400 Block of MASON ST,TN,18-11-1981,21-12-1993,83253,PAID,COD,17-09-1989,Construction,Domestic,Express,946,1082,300 Block of OFARRELL ST,0 Block of RAE AV,DELIVERED,01-06-1989,9/17/1989
Curtis,Robert627@yahoo.co.in,Retail,300 Block of HYDE ST,Robert,Inventory manager,1200 Block of HAIGHT ST,ID,13-09-1994,01-07-2005,87828,PAID,COD,09-09-2014,Luggage,International,Express,796,1347,1700 Block of FULTON ST,100 Block of GOLDEN GATE AV,DELIVERED,6/29/2014,09-09-2014
Gabrielle,Danny201@yahoo.com,Retail,1100 Block of SUTTER ST,Danny,Branch manager,800 Block of ELLIS ST,MS,18-03-1994,17-12-2009,17035,PAID,COD,12-06-1997,Arts and crafts,Domestic,Regular,26,47,DIVISADERO ST / JACKSON ST,0 Block of DESOTO ST,DELIVERED,01-05-1997,06-12-1997
Dani,Ryker409@gmail.com,Retail,1900 Block of PALOU AV,Ryker,Branch manager,800 Block of BRYANT ST,CO,20-03-1977,26-03-1995,426,NOT PAID,COD,,Automotive,Domestic,Express,490,762,SILLIMAN ST / BOWDOIN ST,200 Block of LEAVENWORTH ST,NOT DELIVERED,7/23/1981,
Sadie,Zelda490@yahoo.co.in,Retail,17TH ST / CAPP ST,Zelda,Inventory manager,2300 Block of VICENTE ST,OH,15-10-2005,08-07-2009,20238,PAID,COD,30-03-1977,Home Furnishing,Domestic,Regular,430,642,2300 Block of CHESTNUT ST,LAKE MERCED BL / SUNSET BL,DELIVERED,3/26/1977,3/30/1977
Emma,David957@ymail.com,Internal Goods,100 Block of LEAVENWORTH ST,David,Inventory manager,MISSION ST / RUSSIA AV,VA,11-03-1974,24-11-1983,68331,PAID,CARD PAYMENT,29-10-1982,Arts and crafts,Domestic,Express,209,665,500 Block of VALENCIA ST,6TH ST / STEVENSON ST,DELIVERED,06-10-1982,10/29/1982
Eddie,Jacquelin945@yahoo.com,Internal Goods,MARKET ST / POWELL ST,Jacquelin,In House logistics executive,DOLORES ST / 30TH ST,VA,02-10-2018,07-12-2038,86132,PAID,CARD PAYMENT,01-03-2019,Automotive,International,Express,379,963,800 Block of 47TH AV,0 Block of LURLINE ST,DELIVERED,03-03-2019,03-01-2019
Connie,Ardis505@ymail.com,Retail,SPEAR ST / MARKET ST,Ardis,Delivery Boy,1000 Block of POTRERO AV,VA,25-07-2002,03-11-2014,766,NOT PAID,CARD PAYMENT,,Industrial Equipments,Domestic,Regular,949,1419,KEITH ST / THOMAS AV,100 Block of CAPP ST,NOT DELIVERED,8/27/1997,
Ricky,Scott41@hotmail.com,Retail,VANNESS AV / CALIFORNIA ST,Scott,Chief executive officer,17TH ST / SHOTWELL ST,NC,15-08-1982,25-04-1993,13169,NOT PAID,COD,,Electronics,Domestic,Express,438,656,LYON ST / OFARRELL ST,1200 Block of NOE ST,NOT DELIVERED,1/28/1979,
Patrick,Alexia131@outlook.com,Wholesale,100 Block of JONES ST,Alexia,Manager,200 Block of LOWELL ST,NH,13-12-2004,03-08-2006,48657,PAID,COD,26-10-2004,Food and Beverages,International,Express,726,1381,0 Block of HARRISON ST,1200 Block of GOLDEN GATE AV,DELIVERED,10/29/2004,10/26/2004
Annie,Donnell940@ymail.co.in,Wholesale,0 Block of FREMONT ST,Donnell,Inventory manager,2400 Block of MISSION ST,NY,29-04-2012,22-01-2023,88037,NOT PAID,CARD PAYMENT,,Home Furnishing,Domestic,Express,451,713,0 Block of 6TH ST,1400 Block of RANKIN ST,NOT DELIVERED,9/28/2004,
Elvia,Trent560@google.co.in,Retail,300 Block of 14TH ST,Trent,Marketing manager,0 Block of AUGUST AL,OR,07-10-1993,11-03-2002,21972,PAID,CARD PAYMENT,11-08-2013,Luggage,Domestic,Regular,812,1104,1800 Block of DONNER AV,19TH AV / LINCOLN WY,DELIVERED,01-12-2013,08-11-2013
Laurette,Gerald85@google.co.in,Retail,HAROLD AV / BRUCE AV,Gerald,Material handling executive,MISSION ST / FAIR AV,WV,11-07-2003,09-07-2011,87886,NOT PAID,COD,,Healthcare,International,Regular,240,571,800 Block of INGERSON AV,MISSION ST / 2ND ST,NOT DELIVERED,6/17/2012,
Austin,Zakariya835@yahoo.com,Retail,600 Block of TOWNSEND ST,Zakariya,Engineering department manager,300 Block of CAPP ST,IL,07-09-1979,27-05-1982,3244,PAID,CARD PAYMENT,27-04-2010,Arts and crafts,Domestic,Regular,982,1405,1300 Block of REVERE AV,0 Block of WILLIAR AV,DELIVERED,01-12-2010,4/27/2010
Willie,Artie206@ymail.com,Internal Goods,0 Block of POWELL ST,Artie,Delivery Boy,3500 Block of FILLMORE ST,GA,11-11-2013,22-09-2022,32031,PAID,COD,01-11-1992,Automotive,Domestic,Express,954,1473,0 Block of DORE ST,100 Block of TURK ST,DELIVERED,08-11-1992,11-01-1992
Diana,Ryan128@yahoo.com,Retail,1200 Block of IRVING ST,Ryan,Block development manager,0 Block of JONES ST,FL,10-08-1975,30-06-1986,51284,NOT PAID,CARD PAYMENT,,Hazardous Goods,Domestic,Regular,35,20,1200 Block of THE EMBARCADERONORTH ST,500 Block of BRANNAN ST,NOT DELIVERED,12/21/2018,
Amelia,Albertha398@ymail.com,Retail,TARAVAL ST / 48TH AV,Albertha,Assistant manager,1000 Block of VANNESS AV,NC,02-12-2008,24-03-2026,23055,PAID,CARD PAYMENT,08-06-2011,Electronics,Domestic,Express,148,835,PIERCE ST / LOMBARD ST,8TH AV / CLEMENT ST,DELIVERED,4/22/2011,06-08-2011
Dennis,Carolyn538@yahoo.co.in,Internal Goods,7TH ST / MISSION ST,Carolyn,Market analyst,100 Block of SANJUAN AV,NY,08-10-1974,09-07-1988,94926,PAID,CARD PAYMENT,02-12-2003,Food and Beverages,International,Regular,422,651,1700 Block of NEWCOMB AV,1500 Block of LASALLE AV,DELIVERED,10/25/2003,12-02-2003
Paige,Ilana40@ymail.co.in,Retail,EDDY ST / DIVISADERO ST,Ilana,Office manager,900 Block of GRANT AV,MI,02-01-1971,13-09-1982,312,NOT PAID,COD,,Home Furnishing,Domestic,Express,275,653,2300 Block of 25TH AV,HOLLYPARK CR / MURRAY ST,NOT DELIVERED,02-08-2012,
Lydia,Christa254@gmail.com,Wholesale,EDDY ST / JONES ST,Christa,Market analyst,0 Block of HANCOCK ST,NJ,19-04-2008,19-08-2021,45852,PAID,COD,30-08-2018,Healthcare,Domestic,Regular,367,740,2000 Block of MISSION ST,2400 Block of SAN BRUNO AV,DELIVERED,3/14/2018,8/30/2018
Kandace,Bobby84@yahoo.com,Internal Goods,2100 Block of POLK ST,Bobby,Head of marketing,700 Block of MISSION ST,KS,01-08-2013,08-06-2024,77063,PAID,CARD PAYMENT,09-03-2013,Industrial Equipments,International,Express,507,1334,1100 Block of CONNECTICUT ST,1700 Block of 22ND AV,DELIVERED,3/19/2013,03-09-2013
Tianna,Laurence971@yahoo.co.in,Internal Goods,SANSOME ST / CHESTNUT ST,Laurence,Head of marketing,2900 Block of JACKSON ST,SD,15-01-2006,04-03-2020,44299,PAID,COD,21-06-2013,Automotive,International,Regular,442,770,1000 Block of POTRERO AV,0 Block of LEAVENWORTH ST,DELIVERED,4/23/2013,6/21/2013
Roxanne,Trevon752@yahoo.co.in,Retail,1500 Block of HUDSON AV,Trevon,Sales manager,1100 Block of MARKET ST,NM,24-06-2010,03-11-2029,67123,PAID,COD,03-07-1991,Arts and crafts,International,Regular,510,1205,500 Block of 41ST AV,500 Block of GUERRERO ST,DELIVERED,02-10-1991,07-03-1991
Hellen,Jason341@yahoo.com,Retail,1200 Block of MCALLISTER ST,Jason,Material handling executive,1600 Block of INDIANA ST,IN,11-11-2013,31-07-2022,51104,NOT PAID,COD,,Fashion,International,Regular,117,716,700 Block of MARKET ST,ELLIS ST / HYDE ST,NOT DELIVERED,10-04-1976,
Zoie,Ramona899@yahoo.com,Retail,16TH ST / MISSION ST,Ramona,Project director,FULTON ST / 5TH AV,NH,14-05-2010,23-07-2017,35369,NOT PAID,CARD PAYMENT,,Construction,Domestic,Express,973,1250,0 Block of CASTLEMANOR AV,LANE ST / REVERE AV,NOT DELIVERED,10/25/1987,
George,Harvey871@ymail.co.in,Retail,2200 Block of 14TH AV,Harvey,Transport manager,200 Block of LAKEVIEW AV,DC,20-09-1998,29-10-2018,559,PAID,CARD PAYMENT,25-05-1974,Food and Beverages,Domestic,Regular,243,935,GEARY ST / HYDE ST,1200 Block of MARKET ST,DELIVERED,3/26/1974,5/25/1974
Genesis,Ericka392@hotmail.com,Wholesale,GOLDEN GATE AV / FILLMORE ST,Ericka,Marketing manager,1000 Block of MARKET ST,TX,20-11-2000,13-12-2008,13394,NOT PAID,CARD PAYMENT,,Luggage,Domestic,Express,715,1185,2000 Block of MISSION ST,500 Block of 39TH AV,NOT DELIVERED,5/18/2014,
Reymundo,Scott810@ymail.co.in,Internal Goods,3000 Block of 23RD ST,Scott,Sales manager,DAVIS ST / CLAY ST,IL,20-04-1980,18-04-1986,51472,PAID,CARD PAYMENT,20-05-1975,Healthcare,Domestic,Express,571,1031,700 Block of STANYAN ST,600 Block of MISSION ST,DELIVERED,5/18/1975,5/20/1975
Boyd,Shirley751@gmail.com,Retail,1500 Block of MCALLISTER ST,Shirley,Transport manager,200 Block of INTERSTATE80 HY,TX,21-05-2017,15-12-2023,99367,PAID,COD,15-09-2005,Industrial Equipments,Domestic,Express,369,646,300 Block of ATHENS ST,1400 Block of CLAY ST,DELIVERED,3/20/2005,9/15/2005
Janelle,Nevaeh593@outlook.com,Internal Goods,OAK ST / FILLMORE ST,Nevaeh,Project director,FITZGERALD AV / GRIFFITH ST,CO,02-04-1994,16-01-2004,98982,NOT PAID,CARD PAYMENT,,Industrial Equipments,International,Regular,318,980,5600 Block of DIAMONDHEIGHTS BL,100 Block of ELLIOT ST,NOT DELIVERED,10-03-2018,
Bryn,Rayburn250@yahoo.co.in,Retail,JOHNFKENNEDY DR / TRANSVERSE DR,Rayburn,Sales manager,LEAVENWORTH ST / ELLIS ST,TX,29-09-1977,10-01-1987,47111,NOT PAID,COD,,Food and Beverages,Domestic,Regular,266,833,2000 Block of MISSION ST,4600 Block of IRVING ST,NOT DELIVERED,9/25/2013,
Eriana,Rayburn258@gmail.com,Retail,MISSION ST / 20TH ST,Rayburn,Manager,400 Block of JONES ST,CA,22-01-2011,11-10-2016,87420,NOT PAID,COD,,Home Furnishing,International,Regular,60,166,200 Block of TURK ST,0 Block of ANKENY ST,NOT DELIVERED,07-09-1993,
Bayley,Sharyn974@ymail.co.in,Retail,900 Block of HAYES ST,Sharyn,Fleet manager,MISSION ST / 24TH ST,CA,02-09-1977,18-03-1979,59376,NOT PAID,COD,,Luggage,International,Express,121,557,NATOMA ST / 2ND ST,3500 Block of MISSION ST,NOT DELIVERED,5/29/1997,
Chasity,Leslie740@ymail.co.in,Internal Goods,600 Block of PAGE ST,Leslie,Manager,RUSSIA AV / ATHENS ST,IL,04-11-2007,06-01-2025,41003,NOT PAID,CARD PAYMENT,,Automotive,International,Express,876,1045,1600 Block of DONNER AV,800 Block of LARKIN ST,NOT DELIVERED,2/29/2004,
Dejon,Ericka359@ymail.com,Internal Goods,0 Block of WAVERLY PL,Ericka,IT support executive,BRANNAN ST / 9TH ST,SC,12-04-1988,22-07-2002,58511,NOT PAID,CARD PAYMENT,,Industrial Equipments,Domestic,Regular,946,1100,400 Block of ELLIS ST,800 Block of MOSCOW ST,NOT DELIVERED,8/31/2001,
Sydney,Curtis682@hotmail.com,Internal Goods,MARKET ST / 3RD ST,Curtis,Sales manager,200 Block of ASHBURY ST,IL,24-01-1988,21-06-2007,52868,PAID,COD,22-07-1983,Hazardous Goods,Domestic,Regular,654,1150,100 Block of LEAVENWORTH ST,100 Block of PERSIA AV,DELIVERED,1/28/1983,7/22/1983
Bernadine,Alessia799@hotmail.com,Internal Goods,1000 Block of CONNECTICUT ST,Alessia,Fleet manager,1200 Block of THE EMBARCADERONORTH ST,CA,09-08-2008,12-06-2010,8206,PAID,CARD PAYMENT,21-09-2016,Construction,Domestic,Express,74,281,100 Block of POWELL ST,0 Block of TAYLOR ST,DELIVERED,9/23/2016,9/21/2016
Julianna,Bridgett374@yahoo.com,Internal Goods,800 Block of NORTHPOINT ST,Bridgett,Warehouse in charge,100 Block of OFARRELL ST,MS,24-04-1972,12-03-1982,48873,NOT PAID,CARD PAYMENT,,Construction,Domestic,Regular,630,1062,1600 Block of 39TH AV,PARNASSUS AV / CLAYTON ST,NOT DELIVERED,9/29/2017,
Gwendolyn,Kelly848@hotmail.com,Wholesale,100 Block of 3RD ST,Kelly,Project director,0 Block of BRADY ST,IL,06-09-1982,11-06-1995,22214,NOT PAID,CARD PAYMENT,,Healthcare,Domestic,Express,782,1425,MARKET ST / CHURCH ST,LOMBARD ST / LEAVENWORTH ST,NOT DELIVERED,01-01-1996,
Maurice,Francis214@hotmail.com,Wholesale,100 Block of TURQUOISE WY,Francis,Project director,ANZA ST / SPRUCE ST,NY,23-03-1982,13-04-1997,806,NOT PAID,COD,,Luggage,International,Regular,45,39,100 Block of UPPER TR,POST ST / HYDE ST,NOT DELIVERED,9/14/2008,
Muriel,Stephania835@gmail.com,Wholesale,1100 Block of SUTTER ST,Stephania,Warehouse manager,1600 Block of HAIGHT ST,GA,04-06-1999,24-12-2015,27590,PAID,CARD PAYMENT,09-01-2006,Luggage,International,Express,916,1143,300 Block of SALINAS AV,1900 Block of FILLMORE ST,DELIVERED,01-08-2006,01-09-2006
Marie,Zella692@yahoo.co.in,Wholesale,900 Block of GEARY ST,Zella,Non-executive director,FRANKLIN ST / GOLDEN GATE AV,WV,15-12-1976,15-12-1978,5769,NOT PAID,CARD PAYMENT,,Hazardous Goods,International,Express,274,669,0 Block of GOLDEN GATE AV,900 Block of MARIPOSA ST,NOT DELIVERED,2/24/2016,
Holli,Tiffany386@ymail.com,Wholesale,HAIGHT ST / MARKET ST,Tiffany,Assistant manager,JACKSON ST / GRANT AV,OH,27-11-1973,16-10-1981,38290,PAID,COD,12-09-1979,Arts and crafts,Domestic,Regular,987,1134,MINNA ST / 5TH ST,MARKET ST / 5TH ST,DELIVERED,1/20/1979,09-12-1979
Rory,Bernard448@google.co.in,Internal Goods,MISSION ST / RUSSIA AV,Bernard,HR manager,JONES ST / STEVELOE PL,MN,07-09-1973,14-10-1976,44807,PAID,CARD PAYMENT,20-10-2002,Arts and crafts,International,Regular,434,558,200 Block of MISSOURI ST,900 Block of ELLSWORTH ST,DELIVERED,02-03-2002,10/20/2002
Miley,Parth128@gmail.com,Retail,19TH ST / YORK ST,Parth,Chief executive officer,1400 Block of WASHINGTON ST,LA,03-10-1984,16-03-1991,11223,PAID,COD,15-09-2005,Electronics,International,Express,897,1313,100 Block of EDDY ST,1400 Block of KIRKWOOD CT,DELIVERED,4/16/2005,9/15/2005
Trey,Arlene95@ymail.co.in,Retail,GEARY ST / STOCKTON ST,Arlene,Warehouse in charge,15TH AV / SHELDON TR,CA,15-01-2006,28-07-2024,85889,PAID,COD,11-09-1998,Automotive,International,Regular,442,595,0 Block of UNITEDNATIONS PZ,200 Block of HAHN ST,DELIVERED,2/21/1998,09-11-1998
Debora,Ronnie261@ymail.co.in,Retail,700 Block of 14TH ST,Ronnie,Delivery Boy,800 Block of MARKET ST,MA,29-09-1977,18-07-1992,57138,PAID,COD,23-08-1989,Food and Beverages,Domestic,Express,98,360,300 Block of BUCHANAN ST,2800 Block of BRYANT ST,DELIVERED,3/29/1989,8/23/1989
Sonja,Anne892@hotmail.com,Wholesale,OAKDALE AV / SELBY ST,Anne,Project director,400 Block of SUTTER ST,CT,19-08-2006,07-01-2013,987,PAID,COD,08-11-1977,Luggage,International,Express,431,934,4000 Block of GEARY BL,1000 Block of POTRERO AV,DELIVERED,4/21/1977,11-08-1977
Willie,Kathleen439@outlook.com,Wholesale,100 Block of BROOKDALE AV,Kathleen,Delivery Boy,200 Block of 6TH ST,WV,10-03-2013,12-07-2032,80179,PAID,COD,26-01-2009,Construction,International,Express,745,1383,3100 Block of 23RD ST,GEARY ST / POWELL ST,DELIVERED,01-01-2009,1/26/2009
Max,Jalen33@yahoo.com,Retail,DUNCAN ST / DOUGLASS ST,Jalen,Manager,1400 Block of 19TH AV,NY,25-03-2005,24-09-2019,63810,PAID,CARD PAYMENT,03-08-2001,Home Furnishing,International,Express,871,1274,200 Block of HAHN ST,600 Block of VALENCIA ST,DELIVERED,1/27/2001,08-03-2001
Danielle,Jensen191@ymail.co.in,Internal Goods,500 Block of JOHNFKENNEDY DR,Jensen,Warehouse in charge,1900 Block of UNION ST,OH,24-06-2010,19-11-2026,22261,PAID,CARD PAYMENT,25-12-1992,Industrial Equipments,Domestic,Regular,67,193,CAPP ST / 17TH ST,ALEMANY BL / ELLSWORTH ST,DELIVERED,8/26/1992,12/25/1992
Caitlin,Stanley922@ymail.co.in,Internal Goods,2100 Block of 24TH AV,Stanley,Warehouse in charge,SUTTER ST / LARKIN ST,WV,29-10-1983,30-08-1987,37286,PAID,CARD PAYMENT,17-05-2004,Home Furnishing,Domestic,Express,431,702,4TH ST / HARRISON ST,600 Block of CLAY ST,DELIVERED,5/29/2004,5/17/2004
Enrique,Stanley112@outlook.com,Wholesale,900 Block of MARKET ST,Stanley,Warehouse manager,0 Block of LAGUNA ST,MD,11-11-2013,21-11-2026,73874,PAID,CARD PAYMENT,28-11-2003,Construction,International,Regular,178,646,700 Block of BATTERY ST,0 Block of MARINA BL,DELIVERED,5/18/2003,11/28/2003
Brenda,Pamela639@google.co.in,Retail,CHESTNUT ST / COLUMBUS AV,Pamela,Warehouse manager,0 Block of CHENERY ST,IL,12-06-1975,10-01-1983,20187,NOT PAID,COD,,Home Furnishing,Domestic,Express,180,755,5TH ST / MARKET ST,MONTGOMERY ST / VALLEJO ST,NOT DELIVERED,05-08-1974,
Andre,Isabela532@hotmail.com,Retail,200 Block of 9TH ST,Isabela,Inventory manager,MISSION ST / 13TH ST,NC,14-11-2002,23-12-2022,51038,NOT PAID,COD,,Arts and crafts,Domestic,Express,280,990,2400 Block of MISSION ST,BEACH ST / TAYLOR ST,NOT DELIVERED,07-03-1975,
Eunice,Tiffani333@outlook.com,Internal Goods,700 Block of MARKET ST,Tiffani,Project director,1700 Block of POST ST,NJ,27-11-2016,20-06-2029,89846,NOT PAID,COD,,Hazardous Goods,Domestic,Express,263,965,TARAVAL ST / 17TH AV,EDDY ST / MASON ST,NOT DELIVERED,5/18/1982,
Johnny,Ora822@outlook.com,Retail,300 Block of ATHENS ST,Ora,IT support executive,400 Block of JONES ST,MI,24-06-2002,04-01-2014,59967,NOT PAID,CARD PAYMENT,,Automotive,Domestic,Regular,187,931,19TH ST / SHOTWELL ST,7TH ST / STEVENSON ST,NOT DELIVERED,6/19/2007,
Christa,Crystal579@outlook.com,Internal Goods,27TH AV / LAKE ST,Crystal,IT support executive,0 Block of ADAIR ST,GA,23-11-1995,04-06-2000,59474,PAID,COD,17-01-2012,Arts and crafts,International,Regular,94,361,2300 Block of 14TH AV,0 Block of 12TH ST,DELIVERED,1/25/2012,1/17/2012
Wilbur,Todd405@ymail.co.in,Retail,2400 Block of MARKET ST,Todd,Engineering department manager,6TH ST / MISSION ST,IL,14-05-2011,11-09-2013,77342,NOT PAID,COD,,Fashion,International,Express,906,1297,2100 Block of MISSION ST,1100 Block of FOLSOM ST,NOT DELIVERED,4/17/1983,
Steve,Frederick409@outlook.com,Wholesale,7TH ST / MARKET ST,Frederick,Delivery Boy,TAYLOR ST / ELLIS ST,DE,25-07-2002,12-12-2010,57460,PAID,COD,02-03-2010,Healthcare,International,Regular,71,130,1400 Block of VANDYKE AV,EDDY ST / VANNESS AV,DELIVERED,1/30/2010,03-02-2010
Ronnie,Makala843@ymail.com,Internal Goods,1000 Block of BUSH ST,Makala,Executive director,0 Block of NEWTON ST,CA,25-09-2009,16-03-2023,74930,NOT PAID,COD,,Hazardous Goods,International,Express,253,904,800 Block of MARKET ST,800 Block of MARKET ST,NOT DELIVERED,09-05-1973,
Julie,Wayne473@gmail.com,Internal Goods,1300 Block of HAIGHT ST,Wayne,Warehouse manager,500 Block of CAPP ST,OK,07-05-1980,18-10-1987,89389,NOT PAID,COD,,Home Furnishing,International,Express,591,1433,300 Block of COLLINGWOOD ST,900 Block of MARKET ST,NOT DELIVERED,10/23/2005,
Paola,Bart400@outlook.com,Internal Goods,700 Block of POST ST,Bart,Office manager,11TH ST / MINNA ST,MO,26-10-1972,22-12-1989,86767,NOT PAID,COD,,Automotive,Domestic,Regular,399,835,400 Block of ELLIS ST,17TH ST / SHOTWELL ST,NOT DELIVERED,07-06-1996,
Shemar,Leighann675@gmail.com,Wholesale,1000 Block of INGERSON AV,Leighann,Branch manager,HAIGHT ST / STANYAN ST,FL,15-01-2006,08-05-2020,42257,PAID,COD,17-05-2008,Automotive,International,Express,91,242,21ST ST / POTRERO AV,400 Block of GENEVA AV,DELIVERED,5/21/2008,5/17/2008
Albert,Christina573@hotmail.com,Wholesale,0 Block of STONEYBROOK AV,Christina,Warehouse in charge,2400 Block of SAN BRUNO AV,KS,04-11-2010,27-03-2015,28987,NOT PAID,COD,,Hazardous Goods,International,Regular,717,1297,200 Block of 11TH AV,400 Block of TURK ST,NOT DELIVERED,5/13/1979,
Kyleigh,Edith189@ymail.co.in,Wholesale,3900 Block of MISSION ST,Edith,HR manager,300 Block of 30TH AV,MO,19-05-1997,13-01-2008,38952,PAID,COD,28-08-2010,Food and Beverages,International,Regular,735,1181,17TH ST / FOLSOM ST,400 Block of BRIGHT ST,DELIVERED,07-01-2010,8/28/2010
Julianna,Milburn442@hotmail.com,Retail,300 Block of 6TH AV,Milburn,HR manager,4200 Block of GEARY BL,MT,18-11-1981,20-04-1989,50635,NOT PAID,COD,,Hazardous Goods,Domestic,Express,970,1242,KEITH ST / SHAFTER AV,0 Block of SPOFFORD LN,NOT DELIVERED,07-05-1983,
Michaela,Loren171@gmail.com,Internal Goods,2000 Block of MISSION ST,Loren,Fleet manager,400 Block of HAIGHT ST,OH,06-10-2005,11-04-2021,32800,NOT PAID,COD,,Arts and crafts,Domestic,Regular,80,236,900 Block of LARKIN ST,900 Block of STOCKTON ST,NOT DELIVERED,07-05-1980,
Stefania,Zoie905@gmail.com,Retail,EDDY ST / LARKIN ST,Zoie,Delivery Boy,1200 Block of POLK ST,IL,12-03-1972,27-11-1989,67478,NOT PAID,CARD PAYMENT,,Arts and crafts,Domestic,Express,550,1171,400 Block of TURK ST,MADRID ST / RUSSIA AV,NOT DELIVERED,8/21/1983,
Nigel,Coleman372@yahoo.co.in,Retail,SUTTER ST / FRANKLIN ST,Coleman,Warehouse manager,1500 Block of MARKET ST,NY,11-10-2016,11-08-2027,24449,PAID,COD,25-06-2011,Arts and crafts,International,Express,187,864,0 Block of OFARRELL ST,200 Block of TURK ST,DELIVERED,3/28/2011,6/25/2011
Mavis,Jennifer84@gmail.com,Retail,700 Block of CABRILLO ST,Jennifer,Engineering department manager,FELL ST / STEINER ST,MA,01-11-2016,18-07-2021,3119,PAID,CARD PAYMENT,02-07-2014,Automotive,International,Express,262,875,0 Block of PAYSON ST,0 Block of POWELL ST,DELIVERED,4/30/2014,07-02-2014
Todd,Jensen157@gmail.com,Retail,COLUMBUS AV / CHESTNUT ST,Jensen,Block development manager,MISSION ST / 16TH ST,CT,31-05-1974,12-07-1987,13693,PAID,COD,25-09-2004,Food and Beverages,Domestic,Regular,540,1172,500 Block of STEVENSON ST,HYDE ST / TURK ST,DELIVERED,3/20/2004,9/25/2004
Marion,Cristina330@ymail.com,Retail,5TH ST / TOWNSEND ST,Cristina,Transport manager,MISSION ST / FRANCIS ST,VA,04-03-2000,28-01-2016,80796,PAID,COD,09-03-2010,Fashion,Domestic,Regular,581,1422,CALIFORNIA ST / DAVIS ST,0 Block of STOCKTON ST,DELIVERED,2/19/2010,03-09-2010
Adrianna,Annamaria542@ymail.co.in,Retail,100 Block of EDDY ST,Annamaria,Delivery Boy,HYDE ST / GROVE ST,NC,13-01-2009,22-01-2020,19804,NOT PAID,COD,,Fashion,International,Regular,840,1061,400 Block of LEAVENWORTH ST,NEWCOMB AV / 3RD ST,NOT DELIVERED,09-07-1986,
Jaimee,Jennie676@gmail.com,Wholesale,OAKDALE AV / RANKIN ST,Jennie,Project director,2400 Block of SAN BRUNO AV,WA,31-05-2009,25-09-2023,75766,NOT PAID,CARD PAYMENT,,Hazardous Goods,Domestic,Express,873,1199,1000 Block of COLUMBUS AV,1400 Block of PHELPS ST,NOT DELIVERED,5/20/2016,
Joe,Eldon965@gmail.com,Internal Goods,SILVER AV / BOYLSTON ST,Eldon,Warehouse manager,200 Block of BATTERY ST,SC,09-08-1989,14-08-2007,74338,NOT PAID,COD,,Home Furnishing,Domestic,Express,315,937,800 Block of BRYANT ST,3800 Block of 24TH ST,NOT DELIVERED,03-06-1993,
Jennifer,Tammi464@google.co.in,Internal Goods,100 Block of MINNA ST,Tammi,Office manager,0 Block of CLARION AL,OH,24-11-1985,21-09-1994,73423,PAID,CARD PAYMENT,20-08-2012,Industrial Equipments,Domestic,Regular,955,1369,5TH ST / MISSION ST,1500 Block of HAIGHT ST,DELIVERED,05-02-2012,8/20/2012
Peyton,Elise537@google.co.in,Retail,500 Block of 2ND ST,Elise,Chief finance officer,FRANKLIN ST / IVY ST,ME,21-09-2019,19-08-2025,91842,PAID,COD,31-08-1976,Healthcare,International,Express,372,679,3600 Block of SACRAMENTO ST,SCOTT ST / CHESTNUT ST,DELIVERED,06-06-1976,8/31/1976
Joel,Twanna51@outlook.com,Retail,POWELL ST / GEARY ST,Twanna,Market analyst,4000 Block of 19TH AV,TX,04-03-2000,07-12-2014,81148,NOT PAID,COD,,Arts and crafts,Domestic,Express,182,726,1700 Block of FULTON ST,300 Block of HAIGHT ST,NOT DELIVERED,7/30/2004,
Chasity,Dawn379@gmail.com,Wholesale,100 Block of TUCKER AV,Dawn,Head of marketing,0 Block of TAYLOR ST,NM,29-04-1976,05-07-1994,96963,PAID,COD,29-09-2009,Hazardous Goods,Domestic,Regular,868,1320,3300 Block of BALBOA ST,300 Block of ELLIS ST,DELIVERED,2/23/2009,9/29/2009
Darrel,Gael721@hotmail.com,Retail,2300 Block of BUCHANAN ST,Gael,Market analyst,26TH ST / TREAT AV,KY,16-06-2010,12-05-2020,88092,NOT PAID,COD,,Healthcare,International,Express,777,1113,200 Block of KING ST,0 Block of FUENTE AV,NOT DELIVERED,10-11-1990,
Frank,Joao478@ymail.co.in,Retail,TARAVAL ST / 44TH AV,Joao,Technical support executive,800 Block of SOUTH VAN NESS AV,HI,16-09-2011,19-12-2025,66397,NOT PAID,CARD PAYMENT,,Construction,International,Regular,172,580,LASALLE AV / PHELPS ST,2000 Block of MISSION ST,NOT DELIVERED,10-08-2011,
Christina,Muriel437@yahoo.com,Wholesale,1ST ST / MISSION ST,Muriel,IT support executive,4300 Block of 25TH ST,KS,04-06-2017,09-12-2019,1714,PAID,CARD PAYMENT,30-04-1987,Fashion,International,Express,665,1257,3300 Block of 22ND ST,CALIFORNIA ST / POLK ST,DELIVERED,1/15/1987,4/30/1987
Bruno,Valeria27@ymail.com,Wholesale,0 Block of STOCKTON ST,Valeria,Inventory manager,1900 Block of 14TH AV,KS,07-06-1995,05-07-2009,5059,NOT PAID,CARD PAYMENT,,Arts and crafts,International,Express,516,1084,16TH ST / MISSOURI ST,200 Block of HARKNESS AV,NOT DELIVERED,02-06-1971,
Fabiola,Yasmeen6@outlook.com,Internal Goods,100 Block of HYDE ST,Yasmeen,In House logistics executive,1200 Block of HOWARD ST,TX,14-06-1998,26-04-2016,66582,NOT PAID,CARD PAYMENT,,Automotive,International,Regular,412,872,WINSTON DR / 19TH AV,300 Block of BEALE ST,NOT DELIVERED,03-04-1975,
Lucien,Cecilia196@hotmail.com,Internal Goods,MASON ST / TURK ST,Cecilia,Material handling executive,800 Block of BURNETT AV,PA,04-08-1988,20-05-2007,42143,PAID,CARD PAYMENT,16-06-1972,Luggage,Domestic,Express,938,1067,2100 Block of 16TH AV,5TH ST / MARKET ST,DELIVERED,06-10-1972,6/16/1972
Laverne,Brent496@ymail.co.in,Internal Goods,4400 Block of 3RD ST,Brent,Transport manager,1500 Block of UNION ST,NJ,10-03-2013,06-01-2014,27741,NOT PAID,COD,,Luggage,International,Express,854,1251,1900 Block of WASHINGTON ST,CALIFORNIA ST / FILLMORE ST,NOT DELIVERED,6/25/2012,
Joseph,Gray853@yahoo.co.in,Internal Goods,100 Block of MARIETTA DR,Gray,Non-executive director,2400 Block of CALIFORNIA ST,VT,20-05-2012,27-11-2017,696,NOT PAID,CARD PAYMENT,,Luggage,International,Regular,638,1314,MARTIN LUTHER KING JR DR / 9TH AV,0 Block of TURK ST,NOT DELIVERED,01-05-1977,
George,Kenny233@hotmail.com,Retail,1000 Block of FOLSOM ST,Kenny,Transport manager,400 Block of 26TH AV,AL,18-05-1984,15-03-2000,37660,NOT PAID,CARD PAYMENT,,Food and Beverages,Domestic,Express,230,638,3RD AV / BALBOA ST,400 Block of LAKESHORE DR,NOT DELIVERED,11/26/1995,
Velma,Jasmine269@hotmail.com,Retail,1300 Block of MARKET ST,Jasmine,Chief finance officer,14TH ST / FOLSOM ST,SD,23-06-1971,04-06-1975,16299,NOT PAID,CARD PAYMENT,,Arts and crafts,Domestic,Regular,245,611,3800 Block of MISSION ST,100 Block of PAGE ST,NOT DELIVERED,7/26/1995,
Christy,Kelly404@gmail.com,Retail,200 Block of RALSTON ST,Kelly,Chief finance officer,COLUMBUS AV / GREEN ST,IL,13-07-1995,11-08-2009,16690,PAID,CARD PAYMENT,13-09-1996,Luggage,International,Regular,916,1255,500 Block of JOHNFKENNEDY DR,VALLEJO ST / KEARNY ST,DELIVERED,02-09-1996,9/13/1996
Catherine,Alysha459@ymail.co.in,Internal Goods,100 Block of SANBUENAVENTURA WY,Alysha,Technical support executive,1500 Block of SLOAT BL,IL,17-07-1980,29-04-1982,21003,NOT PAID,CARD PAYMENT,,Construction,International,Regular,84,464,800 Block of MARKET ST,1500 Block of SLOAT BL,NOT DELIVERED,3/18/2016,
Lita,Rashawn68@hotmail.com,Retail,1400 Block of BROADWAY ST,Rashawn,Sales manager,800 Block of BRYANT ST,CT,15-12-1976,12-06-1985,93642,PAID,COD,08-09-2002,Fashion,Domestic,Regular,869,1317,100 Block of POWELL ST,GOLDEN GATE AV / LEAVENWORTH ST,DELIVERED,5/28/2002,09-08-2002
Stephon,Rita822@google.co.in,Wholesale,1300 Block of FRANKLIN ST,Rita,Manager,300 Block of GOLDEN GATE AV,WI,24-06-2010,14-03-2016,34832,NOT PAID,COD,,Arts and crafts,International,Express,271,704,500 Block of HOWARD ST,500 Block of JACKSON ST,NOT DELIVERED,3/15/2010,
Demetrius,Jaime171@hotmail.com,Wholesale,1000 Block of HYDE ST,Jaime,Office manager,800 Block of BRYANT ST,TX,09-03-1972,14-07-1982,59176,PAID,COD,01-01-1995,Luggage,International,Regular,691,1260,0 Block of MYRTLE ST,2ND ST / TOWNSEND ST,DELIVERED,1/22/1995,01-01-1995
Evan,Debora90@gmail.com,Internal Goods,2000 Block of MISSION ST,Debora,HR manager,800 Block of BRYANT ST,NM,30-04-1982,26-11-1996,3846,NOT PAID,COD,,Arts and crafts,Domestic,Regular,808,1257,900 Block of THE EMBARCADERO NORTH ST,2500 Block of OCTAVIA ST,NOT DELIVERED,9/24/2008,
Rita,Jan949@yahoo.co.in,Internal Goods,800 Block of MOSCOW ST,Jan,Head of marketing,0 Block of LATONA ST,TX,02-06-2001,08-01-2014,17651,PAID,CARD PAYMENT,17-10-1989,Home Furnishing,International,Express,997,1382,600 Block of GOETTINGEN ST,100 Block of 6TH ST,DELIVERED,01-03-1989,10/17/1989
Franklin,Van725@yahoo.com,Wholesale,NORTHPOINT ST / MASON ST,Van,Office manager,3200 Block of 20TH AV,OR,17-04-2014,04-12-2033,2282,NOT PAID,CARD PAYMENT,,Construction,International,Regular,329,977,1000 Block of SUTTER ST,800 Block of 3RD ST,NOT DELIVERED,04-02-1984,
Dianne,Jalen271@gmail.com,Retail,900 Block of NATOMA ST,Jalen,Marketing manager,LARKIN ST / SUTTER ST,MA,25-11-2013,01-05-2017,49908,NOT PAID,CARD PAYMENT,,Home Furnishing,Domestic,Regular,600,1048,100 Block of MONTGOMERY ST,600 Block of PRENTISS ST,NOT DELIVERED,05-07-1987,
Mickey,Samual419@outlook.com,Retail,LINCOLN WY / 45TH AV,Samual,Office manager,0 Block of DUNCAN ST,MN,19-10-1984,15-07-1996,68886,NOT PAID,COD,,Home Furnishing,International,Express,715,1271,0 Block of POWELL ST,600 Block of VALENCIA ST,NOT DELIVERED,01-04-1984,
Amy,Holli358@ymail.com,Wholesale,UNION ST / LAGUNA ST,Holli,IT support executive,400 Block of GROVE ST,AL,06-06-1994,24-05-2008,41456,PAID,CARD PAYMENT,27-12-1992,Home Furnishing,International,Express,957,1007,BARTLETT ST / 21ST ST,FELL ST / POLK ST,DELIVERED,05-10-1992,12/27/1992
Eileen,Latasha554@ymail.com,Wholesale,500 Block of HOLLOWAY AV,Latasha,Block development manager,3200 Block of 20TH AV,NY,18-08-2010,26-12-2026,39488,NOT PAID,COD,,Industrial Equipments,International,Express,484,863,700 Block of MARKET ST,700 Block of SWEENY ST,NOT DELIVERED,08-07-2009,
Stanley,Alexia103@ymail.com,Retail,MARKET ST / 4TH ST,Alexia,Director,2900 Block of 26TH ST,MO,05-08-2009,28-10-2014,75362,PAID,COD,24-08-2017,Electronics,International,Express,576,1077,0 Block of CAMERON WY,200 Block of DORE ST,DELIVERED,3/17/2017,8/24/2017
Douglas,Beth30@yahoo.co.in,Internal Goods,1100 Block of MASONIC AV,Beth,Delivery Boy,1100 Block of FILLMORE ST,TX,03-05-2017,08-09-2022,73137,PAID,CARD PAYMENT,20-03-2015,Construction,International,Regular,606,1021,FILLMORE ST / OFARRELL ST,HAWTHORNE ST / HARRISON ST,DELIVERED,1/28/2015,3/20/2015
Jill,Valencia714@yahoo.co.in,Wholesale,14TH ST / VALENCIA ST,Valencia,IT support executive,400 Block of EDDY ST,CA,14-08-1990,07-12-1993,77570,NOT PAID,CARD PAYMENT,,Home Furnishing,Domestic,Express,913,1385,SUTTER ST / LAGUNA ST,SOUTH VAN NESS AV / 22ND ST,NOT DELIVERED,12/21/2016,
